-- V2__master_data.sql
-- Seed master/reference data for fresh installs.

SET FOREIGN_KEY_CHECKS = 0;

INSERT INTO `allowed_file_type` (`id`, `context`, `extension`, `max_size_mb`, `is_active`, `created_at`, `updated_at`) VALUES (1,'PUBLICATION','pdf',10,1,'2026-05-09 03:00:10','2026-05-09 03:00:10'),
(2,'PUBLICATION','doc',10,1,'2026-05-09 03:00:10','2026-05-09 03:00:10'),
(3,'PUBLICATION','docx',10,1,'2026-05-09 03:00:10','2026-05-09 03:00:10'),
(4,'PUBLICATION','xls',10,1,'2026-05-09 03:00:10','2026-05-09 03:00:10'),
(5,'PUBLICATION','xlsx',10,1,'2026-05-09 03:00:10','2026-05-09 03:00:10'),
(6,'PUBLICATION','ppt',20,1,'2026-05-09 03:00:10','2026-05-09 03:00:10'),
(7,'PUBLICATION','pptx',20,1,'2026-05-09 03:00:10','2026-05-09 03:00:10'),
(8,'PUBLICATION','png',5,1,'2026-05-09 03:00:10','2026-05-09 03:00:10'),
(9,'PUBLICATION','jpg',5,1,'2026-05-09 03:00:10','2026-05-09 03:00:10'),
(10,'PUBLICATION','jpeg',5,1,'2026-05-09 03:00:10','2026-05-09 03:00:10'),
(11,'PUBLICATION','zip',20,1,'2026-05-09 03:00:10','2026-05-09 03:00:10'),
(12,'PUBLICATION','rar',20,1,'2026-05-09 03:00:10','2026-05-09 03:00:10'),
(13,'PUBLICATION','7z',20,1,'2026-05-09 03:00:10','2026-05-09 03:00:10'),
(14,'PUBLICATION','tar',20,1,'2026-05-09 03:00:10','2026-05-09 03:00:10'),
(15,'PUBLICATION','gz',20,1,'2026-05-09 03:00:10','2026-05-09 03:00:10');
INSERT INTO `jenis_dokumen` (`id`, `jenis_dokumen`, `status`, `status_new`, `is_deleted`) VALUES (1,'Pengumuman','ACTIVE','ACTIVE',0),
(2,'Peraturan','ACTIVE','ACTIVE',0),
(3,'Surat Keputusan','ACTIVE','ACTIVE',0),
(4,'Surat Edaran','ACTIVE','ACTIVE',0),
(5,'Instruksi','ACTIVE','ACTIVE',0),
(6,'Lain-lain','ACTIVE','ACTIVE',0);
INSERT INTO `mail_category` (`mcat_id`, `mail_type_id`, `mcat_code`, `mcat_name`, `mcat_status`, `sort`) VALUES (1,1,'000','UMUM','Enabled',0),
(2,1,'001','KEUANGAN','Enabled',0),
(3,1,'002','HUKUM','Enabled',0),
(4,1,'003','SDM','Enabled',0),
(5,1,'004','OPERASIONAL','Enabled',0),
(6,1,'005','TEKNIK','Enabled',0),
(7,1,'006','PENGADAAN','Enabled',0),
(8,1,'007','AUDIT','Enabled',0),
(9,1,'008','IT','Enabled',0),
(10,1,'009','HUMAS','Enabled',0),
(198,2,'000','UMUM','Enabled',0),
(199,2,'001','KEUANGAN','Enabled',0),
(200,2,'002','HUKUM','Enabled',0),
(201,2,'003','SDM','Enabled',0),
(202,2,'004','OPERASIONAL','Enabled',0),
(203,2,'005','TEKNIK','Enabled',0),
(204,2,'006','PENGADAAN','Enabled',0),
(205,2,'007','AUDIT','Enabled',0),
(206,2,'008','IT','Enabled',0),
(207,2,'009','HUMAS','Enabled',0),
(397,3,'000','UMUM','Enabled',0),
(398,3,'001','KEUANGAN','Enabled',0),
(399,3,'002','HUKUM','Enabled',0),
(400,3,'003','SDM','Enabled',0),
(401,3,'004','OPERASIONAL','Enabled',0),
(402,3,'005','TEKNIK','Enabled',0),
(403,3,'006','PENGADAAN','Enabled',0),
(404,3,'007','AUDIT','Enabled',0),
(405,3,'008','IT','Enabled',0),
(406,3,'009','HUMAS','Enabled',0);
INSERT INTO `mail_type` (`mail_type_id`, `mail_type`, `mail_type_status`) VALUES (1,'Internal','ACTIVE'),
(2,'Masuk','ACTIVE'),
(3,'Keluar','ACTIVE');
INSERT INTO `sys_reference` (`id`, `code`, `value`, `text`, `seq`, `status`, `num_1`, `vchar1`, `time_1`, `time_2`) VALUES (74,'m_number_format_blp',1,'#seq#/1421002/#org_code#-#type#/#MR#/#YYYY#-#m_cat#',1,'Enable',0,'',NULL,NULL),
(75,'sirkulasi',1,'Disposisi',1,'Enable',0,'',NULL,NULL),
(76,'sirkulasi',2,'Memo Mandiri',2,'Enable',0,'',NULL,NULL),
(77,'sirkulasi',3,'Memo',3,'Enable',0,'',NULL,NULL),
(78,'sirkulasi',4,'CC',4,'Enable',0,'',NULL,NULL),
(79,'sirkulasi',5,'Reply',5,'Enable',0,'',NULL,NULL),
(80,'sirkulasi',6,'Forward',6,'Enable',0,'',NULL,NULL),
(88,'ma_number_format',1,'#cat#/#org#/#seq#/35.73.701/#YYYY#',1,'Enable',0,'',NULL,NULL),
(167,'ma_number_format_blp',1,'#seq#/1421002/#org_code#-#type#/#MR#/#YYYY#-#m_cat#',1,'Enable',0,'',NULL,NULL),
(168,'ma_number_format_bms',1,'#m_cat#/#type##seq#/#YYYY#',1,'Enable',0,'',NULL,NULL),
(169,'m_number_format_bms',1,'#seq#/#org_code#/#m_cat#-#type#/#MR#/#YYYY#',1,'Enable',0,'',NULL,NULL);
INSERT INTO `sys_reference_header` (`id`, `code`, `description`, `status`) VALUES (1,'sirkulasi','Jenis Sirkulasi Surat (Disposisi, Memo, CC, dll)','Enabled'),
(2,'m_number_format_bms','Format Nomor Surat - BMS','Enabled'),
(3,'m_number_format_blp','Format Nomor Surat - BLP','Enabled'),
(4,'ma_number_format_bms','Format Nomor Arsip - BMS','Enabled'),
(5,'ma_number_format_blp','Format Nomor Arsip - BLP','Enabled');

SET FOREIGN_KEY_CHECKS = 1;
